{
  "required": true,
  "compatibilityLevel": "JAVA_8",
  "package": "org.hockey.hockeyware.client.mixin.mixins",
  "refmap": "mixins.hockey.refmap.json",
  "minVersion": "0.7.4",
  "mixins": [
    "accessor.IEntityRenderer",
    "MixinAbstractClientPlayer",
    "MixinEntityPlayerSP",
    "MixinEntityRenderer",
    "MixinEventBus",
    "MixinGuiBossOverlay",
    "MixinItemRenderer",
    "MixinLayerArmorBase",
    "MixinMinecraft",
    "MixinNetHandlerPlayClient",
    "MixinNetworkManager",
    "MixinRenderEnderCrystal",
    "MixinRenderItem",
    "MixinRenderPlayer",
    "MixinShaderGroup",
    "MixinWorld",
    "MixinWorldClient",
    "ModelCrystalMixin",
    "ModelPlayerMixin",
    "MixinEntityPlayer",
    "MixinTimer",
    "accessor.AccessorRenderEnderCrystal",
    "accessor.IPlayerControllerMP",
    "accessor.IEntityPlayerSP",
    "accessor.IEntityLivingBase",
    "accessor.IEntity",
    "accessor.ICPacketPlayer",
    "accessor.ICPacketUseEntity",
    "accessor.IMinecraft",
    "accessor.ITimer",
    "accessor.IEntityRenderer",
    "accessor.ISPacketEntityVelocity",
    "accessor.ISPacketExplosion",
    "accessor.ISPacketPlayerPosLook",
    "accessor.INetworkManager",
    "MixinFMLClientHandler"
  ]
}